"target_construct","predictor","reference","term","beta","se","z","p","ci_lb","ci_ub","P_adj_fdr","P_adj_holm","code","Label"
"construct_a","cohort_type",NA,"intrcpt",0.569876313631192,0.875450587235479,0.650952003391491,0.51507747036541,-1.14597530759479,2.28572793485717,0.679383952185414,1,"intrcpt","cohort_type: intrcpt"
"construct_a","cohort_type",NA,"cohort_typecohort_b",-0.271116359158628,1.15823740465809,-0.234076673804765,0.814925454531939,-2.54121995783562,1.99898723951837,0.887134039110719,1,"cohort_b","cohort_type: cohort_typecohort_b"
"construct_a","cohort_type",NA,"cohort_typecohort_c",0.142668885887194,1.19321927936714,0.119566359976067,0.90482666935091,-2.19599792733124,2.48133569910562,0.934752794005707,1,"cohort_c","cohort_type: cohort_typecohort_c"
"construct_a","contact_count",NA,"intrcpt",1.32090683528818,0.881173597274018,1.49903133658851,0.133865502790136,-0.406161679496497,3.04797535007286,0.319789812220881,1,"intrcpt","contact_count: intrcpt"
"construct_a","contact_count",NA,"contact_count",-0.148161472831923,0.137969976860197,-1.07386749062119,0.282882075670322,-0.418577658425734,0.122254712761887,0.552905875173811,1,"","contact_count: contact_count"
"construct_a","contact_duration_band",NA,"intrcpt",1.08345009467911,0.896493727370172,1.20854174613956,0.226838948272063,-0.673645323332495,2.84054551269072,0.50693155784266,1,"intrcpt","contact_duration_band: intrcpt"
"construct_a","contact_duration_band",NA,"contact_duration_bandextended",-1.06835689353765,1.23415491317754,-0.865658664184209,0.386677374453956,-3.48725607470879,1.35054228763349,0.599900984437618,1,"extended","contact_duration_band: contact_duration_bandextended"
"construct_a","contact_duration_band",NA,"contact_duration_bandmoderate",-0.576773202025925,1.14436487122761,-0.504011628220634,0.614253205645112,-2.81968713480486,1.66614073075301,0.766732388104587,1,"moderate","contact_duration_band: contact_duration_bandmoderate"
"construct_a","exposure_window",NA,"intrcpt",0.257993997227535,0.869907517455359,0.296576350992133,0.766789968124388,-1.44699340686562,1.96298140132069,0.873854405943162,1,"intrcpt","exposure_window: intrcpt"
"construct_a","exposure_window",NA,"exposure_windowwindow_b",1.06177144822008,1.29032518887116,0.822871209039149,0.410581236798835,-1.46721945031224,3.5907623467524,0.599900984437618,1,"window_b","exposure_window: exposure_windowwindow_b"
"construct_a","exposure_window",NA,"exposure_windowwindow_c",0.0069622900718026,1.10041491206845,0.0063269681239739,0.994951843497272,-2.14981130563316,2.16373588577677,0.994951843497272,1,"window_c","exposure_window: exposure_windowwindow_c"
"construct_a","group_balance_metric",NA,"intrcpt",-4.43126332552113,2.02350934575819,-2.18989021958817,0.0285321994642731,-8.39726876558739,-0.465257885454865,0.129145744943552,1,"intrcpt","group_balance_metric: intrcpt"
"construct_a","group_balance_metric",NA,"group_balance_metric32.2",0.960658704531332,2.85561905639009,0.336409964200806,0.736561736569608,-4.6362517995595,6.55756920862217,0.869184396081104,1,"32.2","group_balance_metric: group_balance_metric32.2"
"construct_a","group_balance_metric",NA,"group_balance_metric34.6",13.4612714556135,2.86654068853196,4.6959987379448,2.65307178144989e-06,7.84295494587221,19.0795879653548,0.000114082086602345,0.00022551110142324,"34.6","group_balance_metric: group_balance_metric34.6"
"construct_a","group_balance_metric",NA,"group_balance_metric34.7",5.74527192360259,2.33316716960207,2.46243475326393,0.0137997278627221,1.17234830127127,10.3181955459339,0.0847697568710073,1,"34.7","group_balance_metric: group_balance_metric34.7"
"construct_a","group_balance_metric",NA,"group_balance_metric35",2.81322612097301,2.85369817128963,0.985817683620575,0.324222586497422,-2.77991951750247,8.40637175944849,0.580898800807881,1,"35","group_balance_metric: group_balance_metric35"
"construct_a","group_balance_metric",NA,"group_balance_metric36.4",3.40321840986071,2.85294683798709,1.19287831253872,0.232917034013104,-2.18845464240142,8.99489146212284,0.50693155784266,1,"36.4","group_balance_metric: group_balance_metric36.4"
"construct_a","group_balance_metric",NA,"group_balance_metric36.6",7.53330339149172,2.85399317097272,2.63956601862652,0.00830122531499805,1.93957956426193,13.1270272187215,0.0646042792824591,0.630893123939852,"36.6","group_balance_metric: group_balance_metric36.6"
"construct_a","group_balance_metric",NA,"group_balance_metric38",8.52665665463747,2.85754680613044,2.9839079578136,0.00284592367473546,2.92596783048434,14.1273454787906,0.0349642051467499,0.227673893978837,"38","group_balance_metric: group_balance_metric38"
"construct_a","group_balance_metric",NA,"group_balance_metric39",5.87198573463313,2.85246515544623,2.05856528112945,0.0395359015621234,0.281256762803068,11.4627147064632,0.150904215799397,1,"39","group_balance_metric: group_balance_metric39"
"construct_a","group_balance_metric",NA,"group_balance_metric40",-0.984231587959902,2.8589745793249,-0.344260349524448,0.730650500349541,-6.58771879615226,4.61925562023245,0.869184396081104,1,"40","group_balance_metric: group_balance_metric40"
"construct_a","group_balance_metric",NA,"group_balance_metric40.8",6.73262197778908,2.85271792731148,2.36007279700948,0.018271349203694,1.14139758220683,12.3238463733713,0.100289445939517,1,"40.8","group_balance_metric: group_balance_metric40.8"
"construct_a","group_balance_metric",NA,"group_balance_metric40.9",5.84870250569365,2.85293538115965,2.05006483649002,0.0403581042254201,0.257051908400674,11.4403531029866,0.150904215799397,1,"40.9","group_balance_metric: group_balance_metric40.9"
"construct_a","group_balance_metric",NA,"group_balance_metric41.5",11.0911382851552,2.47681306930386,4.47798762959228,7.53499666664773e-06,6.23667387288152,15.9456026974289,0.000216003237777235,0.000632939719998409,"41.5","group_balance_metric: group_balance_metric41.5"
"construct_a","group_balance_metric",NA,"group_balance_metric41.7",4.96582613523876,2.47397159932552,2.00722843244951,0.0447253455021123,0.116930901785788,9.81472136869173,0.160265821382569,1,"41.7","group_balance_metric: group_balance_metric41.7"
"construct_a","group_balance_metric",NA,"group_balance_metric42.5",6.03468006809194,2.85505640428589,2.1136815577559,0.0345424747021876,0.438872341861176,11.6304877943227,0.148532641219407,1,"42.5","group_balance_metric: group_balance_metric42.5"
"construct_a","group_balance_metric",NA,"group_balance_metric43.7",3.19224279048707,2.85611212733456,1.11768818875686,0.263700188996828,-2.40563411489674,8.79011969587087,0.547982031509375,1,"43.7","group_balance_metric: group_balance_metric43.7"
"construct_a","group_balance_metric",NA,"group_balance_metric44.8",1.82576028494134,2.85698826636186,0.639050676699593,0.522789965182288,-3.77383382138142,7.42535439126411,0.679383952185414,1,"44.8","group_balance_metric: group_balance_metric44.8"
"construct_a","group_balance_metric",NA,"group_balance_metric44.9",4.42684474022613,2.85635424603421,1.54982343187033,0.121183901333248,-1.17150670908899,10.0251961895412,0.297766157561696,1,"44.9","group_balance_metric: group_balance_metric44.9"
"construct_a","group_balance_metric",NA,"group_balance_metric45",2.3472721809417,2.85340703587093,0.822620870921506,0.410723626204535,-3.24530284259852,7.93984720448191,0.599900984437618,1,"45","group_balance_metric: group_balance_metric45"
"construct_a","group_balance_metric",NA,"group_balance_metric46.3",13.9837667917891,2.87239587865327,4.86832852522592,1.12546119305081e-06,8.35397432028741,19.6135592632908,9.67896626023696e-05,9.67896626023696e-05,"46.3","group_balance_metric: group_balance_metric46.3"
"construct_a","group_balance_metric",NA,"group_balance_metric46.8",-2.23232718282072,2.86424952212396,-0.779375946675679,0.435758288626154,-7.84615308891975,3.3814987232783,0.604438916481439,1,"46.8","group_balance_metric: group_balance_metric46.8"
"construct_a","group_balance_metric",NA,"group_balance_metric46.9",2.53233819361326,2.8526761519025,0.887706160380102,0.374698831307511,-3.05880432367196,8.12348071089848,0.599900984437618,1,"46.9","group_balance_metric: group_balance_metric46.9"
"construct_a","group_balance_metric",NA,"group_balance_metric47.8",1.09513780247281,2.86578671399829,0.382142117249506,0.702355953115547,-4.52170094433722,6.71197654928284,0.862894456684815,1,"47.8","group_balance_metric: group_balance_metric47.8"
"construct_a","group_balance_metric",NA,"group_balance_metric49.7",6.53497668623858,2.85465131620954,2.2892381458748,0.022065519358892,0.939962918048026,12.1299904544291,0.111625568521454,1,"49.7","group_balance_metric: group_balance_metric49.7"
"construct_a","group_balance_metric",NA,"group_balance_metric49.8",2.73545906892168,2.86064328337076,0.956239138526363,0.338951430496818,-2.87129873910141,8.34221687694477,0.594894347402579,1,"49.8","group_balance_metric: group_balance_metric49.8"
"construct_a","group_balance_metric",NA,"group_balance_metric50.3",6.71653006558744,2.85532225239398,2.35228442602446,0.0186585015701428,1.12020128663946,12.3128588445354,0.100289445939517,1,"50.3","group_balance_metric: group_balance_metric50.3"
"construct_a","group_balance_metric",NA,"group_balance_metric50.7",8.12161615243095,2.85701061551374,2.84269722637014,0.00447335441231732,2.5219782425754,13.7212540622865,0.0427453866065878,0.348921644160751,"50.7","group_balance_metric: group_balance_metric50.7"
"construct_a","group_balance_metric",NA,"group_balance_metric50.8",7.45754936689488,2.8556554267522,2.61150182792765,0.00901455059755243,1.8605675782042,13.0545311555856,0.0646042792824591,0.676091294816432,"50.8","group_balance_metric: group_balance_metric50.8"
"construct_a","group_balance_metric",NA,"group_balance_metric52",-4.70707131107367,2.86440512338147,-1.6432980351316,0.100321284651094,-10.3212021900334,0.907059567886028,0.269613452499814,1,"52","group_balance_metric: group_balance_metric52"
"construct_a","group_balance_metric",NA,"group_balance_metric53.8",2.32480204105551,2.85392168633798,0.814599101364476,0.415301825018621,-3.26878167886474,7.91838576097576,0.599900984437618,1,"53.8","group_balance_metric: group_balance_metric53.8"
"construct_a","group_balance_metric",NA,"group_balance_metric53.9",2.62649155547356,2.8530450804298,0.920592378118992,0.357263283009593,-2.96537404843803,8.21835715938516,0.599900984437618,1,"53.9","group_balance_metric: group_balance_metric53.9"
"construct_a","group_balance_metric",NA,"group_balance_metric54.2",8.12936403144947,2.85502782665705,2.84738521829685,0.00440799869169585,2.53361231634198,13.725115746557,0.0427453866065878,0.348231896643972,"54.2","group_balance_metric: group_balance_metric54.2"
"construct_a","group_balance_metric",NA,"group_balance_metric54.3",0.957600000083634,2.86044265241425,0.334773360785754,0.737796057138611,-4.64876457849052,6.56396457865779,0.869184396081104,1,"54.3","group_balance_metric: group_balance_metric54.3"
"construct_a","group_balance_metric",NA,"group_balance_metric54.7",3.39131893571763,2.86043530291166,1.18559539950636,0.235782119926819,-2.21503123809614,8.9976691095314,0.50693155784266,1,"54.7","group_balance_metric: group_balance_metric54.7"
"construct_a","group_balance_metric",NA,"group_balance_metric55.5",4.78135249843781,2.85230737399387,1.67631039418548,0.0936774100095169,-0.809067227428195,10.3717722243038,0.259879266478015,1,"55.5","group_balance_metric: group_balance_metric55.5"
"construct_a","group_balance_metric",NA,"group_balance_metric55.9",12.5961264104348,2.87737642250561,4.37764288047725,1.19969712407444e-05,6.95657225235909,18.2356805685105,0.000257934881676004,0.000995748612981782,"55.9","group_balance_metric: group_balance_metric55.9"
"construct_a","group_balance_metric",NA,"group_balance_metric56",5.63931905132628,2.853026720983,1.97660926546923,0.0480858140202345,0.0474894312692014,11.2311486713834,0.165415200229607,1,"56","group_balance_metric: group_balance_metric56"
"construct_a","group_balance_metric",NA,"group_balance_metric56.2",5.56006193032176,2.85226541275647,1.94934942079897,0.0512537103972566,-0.0302755530301857,11.1503994136737,0.166470205928295,1,"56.2","group_balance_metric: group_balance_metric56.2"
"construct_a","group_balance_metric",NA,"group_balance_metric57.4",4.45242086549998,2.85820273028409,1.55776943962874,0.119287912868285,-1.14955354637088,10.0543952773708,0.297766157561696,1,"57.4","group_balance_metric: group_balance_metric57.4"
"construct_a","group_balance_metric",NA,"group_balance_metric57.6",3.16245115363999,2.85275053847737,1.10856210908926,0.267619131667369,-2.42883715865289,8.75373946593288,0.547982031509375,1,"57.6","group_balance_metric: group_balance_metric57.6"
"construct_a","group_balance_metric",NA,"group_balance_metric57.7",2.29664703149018,2.85475327813093,0.804499306151544,0.421108669899703,-3.2985665783941,7.89186064137446,0.599900984437618,1,"57.7","group_balance_metric: group_balance_metric57.7"
"construct_a","group_balance_metric",NA,"group_balance_metric58.2",5.54288930903187,2.85575565466553,1.94095363165133,0.0522639018612088,-0.0542889227591665,11.1400675408229,0.166470205928295,1,"58.2","group_balance_metric: group_balance_metric58.2"
"construct_a","group_balance_metric",NA,"group_balance_metric59.5",6.45877784722131,2.85471872613825,2.2624918483505,0.0236670319141858,0.86363195799828,12.0539237364443,0.113075819145554,1,"59.5","group_balance_metric: group_balance_metric59.5"
"construct_a","group_balance_metric",NA,"group_balance_metric59.7",6.34535915233226,2.47585934854634,2.56289161016269,0.0103804449288496,1.49276399839464,11.1979543062699,0.0686706356831589,0.768152924734871,"59.7","group_balance_metric: group_balance_metric59.7"
"construct_a","group_balance_metric",NA,"group_balance_metric60.6",-0.0937985768450044,2.86135110006292,-0.0327812189293869,0.973849055286242,-5.70194368009239,5.51434652640238,0.985306102995492,1,"60.6","group_balance_metric: group_balance_metric60.6"
"construct_a","group_balance_metric",NA,"group_balance_metric61.9",5.15041562281626,2.85996188326736,1.80086862449096,0.071723589328507,-0.455006665545107,10.7558379111776,0.212697540767297,1,"61.9","group_balance_metric: group_balance_metric61.9"
"construct_a","group_balance_metric",NA,"group_balance_metric62.5",3.88788459333746,2.85323581251959,1.36262294769958,0.17300137283119,-1.70435483860082,9.48012402527574,0.402111299013036,1,"62.5","group_balance_metric: group_balance_metric62.5"
"construct_a","group_balance_metric",NA,"group_balance_metric63.4",11.3824422986088,2.86599554829553,3.97154919008096,7.14067520780472e-05,5.7651942440974,16.9996903531201,0.00122819613574241,0.00585535367039987,"63.4","group_balance_metric: group_balance_metric63.4"
"construct_a","group_balance_metric",NA,"group_balance_metric63.9",1.43496277557823,2.85446111963963,0.502708818034066,0.615169009060657,-4.15967821418531,7.02960376534178,0.766732388104587,1,"63.9","group_balance_metric: group_balance_metric63.9"
"construct_a","group_balance_metric",NA,"group_balance_metric64.6",3.11924285355291,2.85286570414267,1.09337178017999,0.274230598560684,-2.47227117929623,8.71075688640205,0.548461197121367,1,"64.6","group_balance_metric: group_balance_metric64.6"
"construct_a","group_balance_metric",NA,"group_balance_metric65.1",4.54323295146647,2.85605863263381,1.59073518293873,0.111669185452879,-1.0545391062305,10.1410050091634,0.291016665119623,1,"65.1","group_balance_metric: group_balance_metric65.1"
"construct_a","group_balance_metric",NA,"group_balance_metric65.7",10.0524112789782,2.86476781921061,3.50897940544032,0.000449829735045735,4.43756952925607,15.6672530287004,0.00644755953565554,0.0364362085387045,"65.7","group_balance_metric: group_balance_metric65.7"
"construct_a","group_balance_metric",NA,"group_balance_metric68.5",5.8827158330644,2.85295650340835,2.06197179173131,0.0392104216461838,0.291023836924715,11.4744078292041,0.150904215799397,1,"68.5","group_balance_metric: group_balance_metric68.5"
"construct_a","group_balance_metric",NA,"group_balance_metric68.6",0.776200848612924,2.85851598777214,0.271539796150616,0.785975896114063,-4.8263875366524,6.37878923387825,0.877843208646876,1,"68.6","group_balance_metric: group_balance_metric68.6"
"construct_a","group_balance_metric",NA,"group_balance_metric69.1",2.53581243487393,2.85271365862951,0.888912361464337,0.374050181448311,-3.05540359424541,8.12702846399326,0.599900984437618,1,"69.1","group_balance_metric: group_balance_metric69.1"
"construct_a","group_balance_metric",NA,"group_balance_metric69.2",5.17538152542483,2.85309445161975,1.81395380110416,0.0696848386540493,-0.416580844240936,10.7673438950906,0.212697540767297,1,"69.2","group_balance_metric: group_balance_metric69.2"
"construct_a","group_balance_metric",NA,"group_balance_metric69.5",6.81234969121746,2.47469259389786,2.75280643261125,0.00590868204936599,1.96204133436965,11.6626580480653,0.0508146656245475,0.454968517801181,"69.5","group_balance_metric: group_balance_metric69.5"
"construct_a","implementation_agent",NA,"intrcpt",-0.204091859727884,0.823394568674795,-0.247866414829961,0.804237766225808,-1.81791555939637,1.40973183994061,0.886723690966917,1,"intrcpt","implementation_agent: intrcpt"
"construct_a","implementation_agent",NA,"implementation_agentagent_2",0.897306800884454,1.12600173158962,0.796896466240505,0.425511163380171,-1.30961603956093,3.10422964132984,0.599900984437618,1,"agent_2","implementation_agent: implementation_agentagent_2"
"construct_a","implementation_agent",NA,"implementation_agentagent_3",1.23054362399675,1.16444241419414,1.05676640510245,0.290618210086895,-1.05172156989463,3.51280881788814,0.555403690388288,1,"agent_3","implementation_agent: implementation_agentagent_3"
"construct_a","implementation_context",NA,"intrcpt",0.104509748474786,0.956723077831397,0.109237198199168,0.913014356935807,-1.77063302725306,1.97965252420264,0.934752794005707,1,"intrcpt","implementation_context: intrcpt"
"construct_a","implementation_context",NA,"implementation_contextcontext_2",0.226665828735509,1.27983012472306,0.177106183357386,0.85942498508904,-2.2817551220511,2.73508677952212,0.912475910094537,1,"context_2","implementation_context: implementation_contextcontext_2"
"construct_a","implementation_context",NA,"implementation_contextcontext_3",0.741352618492317,1.17844484493206,0.629094031579439,0.529287497632822,-1.56835683534141,3.05106207232605,0.679383952185414,1,"context_3","implementation_context: implementation_contextcontext_3"
"construct_a","intensity_band",NA,"intrcpt",0.115489287126704,0.956681286167605,0.120718664404261,0.903913875056263,-1.75957157844526,1.99055015269867,0.934752794005707,1,"intrcpt","intensity_band: intrcpt"
"construct_a","intensity_band",NA,"intensity_bandtier_2",0.780242823827834,1.21961190779552,0.639746807029903,0.522337219681649,-1.61015259056758,3.17063823822324,0.679383952185414,1,"tier_2","intensity_band: intensity_bandtier_2"
"construct_a","intensity_band",NA,"intensity_bandtier_3",0.266326685657779,1.21955116403182,0.218380903985452,0.827132342905539,-2.12394967314849,2.65660304446404,0.889167268623455,1,"tier_3","intensity_band: intensity_bandtier_3"
"construct_a","measurement_stage",NA,"intrcpt",-0.961127320470113,0.959335666383405,-1.00186759874514,0.316407543395234,-2.84139067566632,0.919136034726093,0.578958483659365,1,"intrcpt","measurement_stage: intrcpt"
"construct_a","measurement_stage",NA,"measurement_stage",0.567403458598499,0.325151133396777,1.74504530453568,0.0809769831627458,-0.0698810523915625,1.20468796958856,0.232134018399871,1,"","measurement_stage: measurement_stage"
"construct_a","onset_band",NA,"intrcpt",0.738749857417574,0.73598485202623,1.00375687812559,0.315495814017976,-0.703753945720878,2.18125366055603,0.578958483659365,1,"intrcpt","onset_band: intrcpt"
"construct_a","onset_band",NA,"onset_bandlate",0.33491761688671,1.15711619388066,0.289441646965016,0.77224342850791,-1.93298844904746,2.60282368282088,0.873854405943162,1,"late","onset_band: onset_bandlate"
"construct_a","onset_band",NA,"onset_bandmid",-0.944510970757815,1.08921368128654,-0.867149382150791,0.385860166334793,-3.07933055754773,1.1903086160321,0.599900984437618,1,"mid","onset_band: onset_bandmid"
"construct_a","pub_year",NA,"intrcpt",192.889430893604,224.093454223285,0.860754418562403,0.389373314376259,-246.325668555209,632.104530342417,0.599900984437618,1,"intrcpt","pub_year: intrcpt"
"construct_a","pub_year",NA,"pub_year",-0.0953560615248729,0.111077772845799,-0.858462130468251,0.39063733281581,-0.31306449578556,0.122352372735814,0.599900984437618,1,"","pub_year: pub_year"
"construct_a","reporting_flag",NA,"intrcpt",0.397887373937493,0.590216264873325,0.674138273744268,0.500223408440241,-0.758915248303977,1.55468999617896,0.679383952185414,1,"intrcpt","reporting_flag: intrcpt"
"construct_a","reporting_flag",NA,"reporting_flagyes",0.305023118363786,0.956137214253786,0.319016051061081,0.74971434124071,-1.56897138585209,2.17901762257966,0.871289639820285,1,"yes","reporting_flag: reporting_flagyes"
"construct_b","cohort_type",NA,"intrcpt",0.230133123306827,0.574532523697201,0.40055717268343,0.688746182403103,-0.895929931086592,1.35619617770024,0.999055806715126,1,"intrcpt","cohort_type: intrcpt"
"construct_b","cohort_type",NA,"cohort_typecohort_b",-0.512790669154725,0.768331644025898,-0.667407978236857,0.504511571146373,-2.01869301962793,0.993111681318484,0.999055806715126,1,"cohort_b","cohort_type: cohort_typecohort_b"
"construct_b","cohort_type",NA,"cohort_typecohort_c",-1.08728799502684,1.05400323411444,-1.03157937265758,0.302269207594021,-3.15309637347989,0.978520383426205,0.926958903288332,1,"cohort_c","cohort_type: cohort_typecohort_c"
"construct_b","contact_count",NA,"intrcpt",-0.384492918684306,0.724038249201028,-0.531039512219958,0.595391398758066,-1.80358181054776,1.03459597317914,0.999055806715126,1,"intrcpt","contact_count: intrcpt"
"construct_b","contact_count",NA,"contact_count",0.0328300671741556,0.102909686420921,0.319018241294354,0.749712680388694,-0.16886921187116,0.234529346219471,0.999055806715126,1,"","contact_count: contact_count"
"construct_b","contact_duration_band",NA,"intrcpt",0.525846238849216,0.591090395841584,0.889620678239114,0.373669599095529,-0.632669648607813,1.68436212630625,0.968692498648285,1,"intrcpt","contact_duration_band: intrcpt"
"construct_b","contact_duration_band",NA,"contact_duration_bandextended",-0.0010732853268057,0.906972762297879,-0.00118337106848331,0.999055806715126,-1.77870723438946,1.77656066373584,0.999055806715126,1,"extended","contact_duration_band: contact_duration_bandextended"
"construct_b","contact_duration_band",NA,"contact_duration_bandmoderate",-1.65174364124447,0.785715418762366,-2.10221614824136,0.0355343458801185,-3.19171756411651,-0.111769718372422,0.467022831567272,1,"moderate","contact_duration_band: contact_duration_bandmoderate"
"construct_b","exposure_window",NA,"intrcpt",-0.576101413381181,0.536625969520402,-1.07356230615536,0.283018899366273,-1.62786898681006,0.475666160047695,0.917668744863586,1,"intrcpt","exposure_window: intrcpt"
"construct_b","exposure_window",NA,"exposure_windowwindow_b",1.31928293578169,0.82800006742268,1.5933367492206,0.111084666748993,-0.3035673755635,2.94213324712688,0.768888098004439,1,"window_b","exposure_window: exposure_windowwindow_b"
"construct_b","exposure_window",NA,"exposure_windowwindow_c",-0.00709381311754361,0.839860030905357,-0.00844642304253553,0.993260809591737,-1.65318922574674,1.63900159951165,0.999055806715126,1,"window_c","exposure_window: exposure_windowwindow_c"
"construct_b","group_balance_metric",NA,"intrcpt",-0.666432116982935,1.8595341658942,-0.358386594452522,0.720054022392703,-4.31105211015731,2.97818787619143,0.999055806715126,1,"intrcpt","group_balance_metric: intrcpt"
"construct_b","group_balance_metric",NA,"group_balance_metric31.1",3.28270142962763,2.63996599809691,1.24346352642195,0.213697073403123,-1.89153684705265,8.45693970630792,0.917668744863586,1,"31.1","group_balance_metric: group_balance_metric31.1"
"construct_b","group_balance_metric",NA,"group_balance_metric31.3",3.41668961043573,2.278410152224,1.49959374395371,0.133719669218163,-1.04891222993373,7.88229145080519,0.768888098004439,1,"31.3","group_balance_metric: group_balance_metric31.3"
"construct_b","group_balance_metric",NA,"group_balance_metric31.5",6.23117261334422,2.63379937239906,2.36584938042126,0.0179887611635686,1.06902070093785,11.3933245257506,0.467022831567272,1,"31.5","group_balance_metric: group_balance_metric31.5"
"construct_b","group_balance_metric",NA,"group_balance_metric32.2",3.02161931747646,2.63089202611472,1.14851513763519,0.250755967535936,-2.134834300922,8.17807293587491,0.917668744863586,1,"32.2","group_balance_metric: group_balance_metric32.2"
"construct_b","group_balance_metric",NA,"group_balance_metric32.5",-2.09081398429184,2.63288824674908,-0.79411421539575,0.427128942688942,-7.25118012323884,3.06955215465517,0.982396568184568,1,"32.5","group_balance_metric: group_balance_metric32.5"
"construct_b","group_balance_metric",NA,"group_balance_metric33.1",-0.190043279385387,2.63007159226091,-0.072257835088823,0.942396719665581,-5.34488887697869,4.96480231820791,0.999055806715126,1,"33.1","group_balance_metric: group_balance_metric33.1"
"construct_b","group_balance_metric",NA,"group_balance_metric36.4",0.525891276275479,2.6306458642473,0.199909567236999,0.841551307903833,-4.63007987372847,5.68186242627943,0.999055806715126,1,"36.4","group_balance_metric: group_balance_metric36.4"
"construct_b","group_balance_metric",NA,"group_balance_metric37.2",-2.80289051024974,2.63917429164607,-1.06203312116289,0.288220649281245,-7.97557707080005,2.36979605030056,0.917668744863586,1,"37.2","group_balance_metric: group_balance_metric37.2"
"construct_b","group_balance_metric",NA,"group_balance_metric37.3",-9.75753340649353,2.65076747225004,-3.68102200915084,0.00023230094955474,-14.9529421834939,-4.56212462949318,0.0213716873590361,0.0213716873590361,"37.3","group_balance_metric: group_balance_metric37.3"
"construct_b","group_balance_metric",NA,"group_balance_metric37.4",-0.128022414445121,2.28041571534213,-0.0561399457054321,0.955230322028801,-4.59755508629485,4.3415102574046,0.999055806715126,1,"37.4","group_balance_metric: group_balance_metric37.4"
"construct_b","group_balance_metric",NA,"group_balance_metric39",-0.520976211536019,2.62971216751084,-0.198111495992792,0.842957830594505,-5.67511734956402,4.63316492649199,0.999055806715126,1,"39","group_balance_metric: group_balance_metric39"
"construct_b","group_balance_metric",NA,"group_balance_metric40.4",-1.61480614471675,2.63036398419755,-0.613909768540793,0.539274954681748,-6.77022481997523,3.54061253054172,0.999055806715126,1,"40.4","group_balance_metric: group_balance_metric40.4"
"construct_b","group_balance_metric",NA,"group_balance_metric40.7",1.29036013644379,2.62923098845425,0.490774733034164,0.623585782671265,-3.8628379079632,6.44355818085077,0.999055806715126,1,"40.7","group_balance_metric: group_balance_metric40.7"
"construct_b","group_balance_metric",NA,"group_balance_metric40.9",-3.28027492124812,2.63300149615417,-1.24583101302425,0.21282644127782,-8.44086302495038,1.88031318245414,0.917668744863586,1,"40.9","group_balance_metric: group_balance_metric40.9"
"construct_b","group_balance_metric",NA,"group_balance_metric41.6",1.19978079425967,2.63025936315938,0.456145432296278,0.648285401790211,-3.95543282753197,6.35499441605131,0.999055806715126,1,"41.6","group_balance_metric: group_balance_metric41.6"
"construct_b","group_balance_metric",NA,"group_balance_metric42.9",0.677154295598831,2.63319348985869,0.257160857417724,0.797054599316416,-4.48381010884954,5.8381187000472,0.999055806715126,1,"42.9","group_balance_metric: group_balance_metric42.9"
"construct_b","group_balance_metric",NA,"group_balance_metric43",-2.8902458458606,2.27923418505023,-1.26807761344493,0.204770235166986,-7.35746276089156,1.57697106917035,0.917668744863586,1,"43","group_balance_metric: group_balance_metric43"
"construct_b","group_balance_metric",NA,"group_balance_metric43.1",1.10620742576182,2.63975124557596,0.41905745005926,0.675174146523162,-4.06760994371182,6.28002479523546,0.999055806715126,1,"43.1","group_balance_metric: group_balance_metric43.1"
"construct_b","group_balance_metric",NA,"group_balance_metric43.6",2.50203549303584,2.63123362403265,0.950898266950998,0.341656021661126,-2.65508764497896,7.65915863105064,0.968692498648285,1,"43.6","group_balance_metric: group_balance_metric43.6"
"construct_b","group_balance_metric",NA,"group_balance_metric43.7",-0.24701992155223,2.62943684926334,-0.093944040383185,0.925153609343006,-5.40062144573085,4.90658160262639,0.999055806715126,1,"43.7","group_balance_metric: group_balance_metric43.7"
"construct_b","group_balance_metric",NA,"group_balance_metric44.4",1.90426652179348,2.6346361079858,0.72278160768445,0.469814068760013,-3.25952536222747,7.06805840581442,0.999055806715126,1,"44.4","group_balance_metric: group_balance_metric44.4"
"construct_b","group_balance_metric",NA,"group_balance_metric45.3",1.18100212360408,2.27931854249141,0.518138251230644,0.604361813674724,-3.28638012897342,5.64838437618158,0.999055806715126,1,"45.3","group_balance_metric: group_balance_metric45.3"
"construct_b","group_balance_metric",NA,"group_balance_metric45.5",-0.423784528585871,2.63189010250542,-0.161019082135098,0.872078371377757,-5.58219434076393,4.73462528359219,0.999055806715126,1,"45.5","group_balance_metric: group_balance_metric45.5"
"construct_b","group_balance_metric",NA,"group_balance_metric45.6",3.43362954194892,2.6312036069063,1.30496535233398,0.191904646013248,-1.72343476357932,8.59069384747716,0.917668744863586,1,"45.6","group_balance_metric: group_balance_metric45.6"
"construct_b","group_balance_metric",NA,"group_balance_metric45.7",4.49852549793397,2.63504833239973,1.70718898876408,0.0877869310033782,-0.666074331091834,9.66312532695977,0.73421796839189,1,"45.7","group_balance_metric: group_balance_metric45.7"
"construct_b","group_balance_metric",NA,"group_balance_metric46",2.41403003763417,2.27795618794838,1.05973506005326,0.289265147837435,-2.05068204910481,6.87874212437316,0.917668744863586,1,"46","group_balance_metric: group_balance_metric46"
"construct_b","group_balance_metric",NA,"group_balance_metric46.4",-0.120829153912917,2.63000658361707,-0.0459425290665014,0.963356056652946,-5.2755473369056,5.03388902907977,0.999055806715126,1,"46.4","group_balance_metric: group_balance_metric46.4"
"construct_b","group_balance_metric",NA,"group_balance_metric46.5",1.47954755508398,2.63026355204628,0.562509241301287,0.573769109073595,-3.67567427677513,6.6347693869431,0.999055806715126,1,"46.5","group_balance_metric: group_balance_metric46.5"
"construct_b","group_balance_metric",NA,"group_balance_metric46.6",7.09243431976084,2.65167697472948,2.67469770539619,0.00747966597985957,1.89524295065693,12.2896256888647,0.34406463507354,0.680649604167221,"46.6","group_balance_metric: group_balance_metric46.6"
"construct_b","group_balance_metric",NA,"group_balance_metric49",-1.93213585404767,2.63167031948605,-0.734186132564283,0.462835304050265,-7.09011489942335,3.225843191328,0.999055806715126,1,"49","group_balance_metric: group_balance_metric49"
"construct_b","group_balance_metric",NA,"group_balance_metric49.7",0.654254071057926,2.63258053109911,0.248521959092652,0.803730582011547,-4.50550895629766,5.81401709841351,0.999055806715126,1,"49.7","group_balance_metric: group_balance_metric49.7"
"construct_b","group_balance_metric",NA,"group_balance_metric49.8",0.167660232974838,2.62966801021645,0.063757186201249,0.949163569322802,-4.9863943583465,5.32171482429618,0.999055806715126,1,"49.8","group_balance_metric: group_balance_metric49.8"
"construct_b","group_balance_metric",NA,"group_balance_metric50.2",0.713921999478682,2.62995516782146,0.271457859135319,0.786038906759442,-4.44069541040637,5.86853940936374,0.999055806715126,1,"50.2","group_balance_metric: group_balance_metric50.2"
"construct_b","group_balance_metric",NA,"group_balance_metric50.3",-0.0164925368662857,2.63076182630331,-0.00626911060567601,0.994998006202303,-5.1726909683236,5.13970589459102,0.999055806715126,1,"50.3","group_balance_metric: group_balance_metric50.3"
"construct_b","group_balance_metric",NA,"group_balance_metric50.9",-1.89895044452073,2.63171025221954,-0.721565165815344,0.470561862202409,-7.05700775661586,3.25910686757439,0.999055806715126,1,"50.9","group_balance_metric: group_balance_metric50.9"
"construct_b","group_balance_metric",NA,"group_balance_metric51.2",-1.24806073196504,2.63044210767798,-0.474468047908024,0.63516617787227,-6.4036325264315,3.90751106250143,0.999055806715126,1,"51.2","group_balance_metric: group_balance_metric51.2"
"construct_b","group_balance_metric",NA,"group_balance_metric51.8",-2.3063117759117,2.63200754310535,-0.876255762242466,0.380891008344649,-7.46495176743594,2.85232821561254,0.968692498648285,1,"51.8","group_balance_metric: group_balance_metric51.8"
"construct_b","group_balance_metric",NA,"group_balance_metric52.3",5.29351099000737,2.63296001490581,2.01047906540151,0.0443805097225824,0.133004188057935,10.4540177919568,0.510375861809697,1,"52.3","group_balance_metric: group_balance_metric52.3"
"construct_b","group_balance_metric",NA,"group_balance_metric52.6",-1.44351337023881,2.62991913314694,-0.548881276251075,0.583086928400211,-6.59806015345962,3.71103341298199,0.999055806715126,1,"52.6","group_balance_metric: group_balance_metric52.6"
"construct_b","group_balance_metric",NA,"group_balance_metric52.7",-0.640806996456575,2.62987885599144,-0.243664074106181,0.80749099952641,-5.79527483790319,4.51366084499004,0.999055806715126,1,"52.7","group_balance_metric: group_balance_metric52.7"
"construct_b","group_balance_metric",NA,"group_balance_metric53.1",-2.80420213270667,2.63147855747903,-1.06563746253479,0.286587557510383,-7.96180533145498,2.35340106604165,0.917668744863586,1,"53.1","group_balance_metric: group_balance_metric53.1"
"construct_b","group_balance_metric",NA,"group_balance_metric56",-0.794287408138797,2.27744912910675,-0.3487618660665,0.727268094385845,-5.25800567781015,3.66943086153255,0.999055806715126,1,"56","group_balance_metric: group_balance_metric56"
"construct_b","group_balance_metric",NA,"group_balance_metric56.2",4.92077169821132,2.64262616609183,1.86207635470765,0.0625923284062331,-0.258680411931826,10.1002238083545,0.575849421337344,1,"56.2","group_balance_metric: group_balance_metric56.2"
"construct_b","group_balance_metric",NA,"group_balance_metric57.9",1.0058813539651,2.63312121773641,0.382011032074635,0.702453181694856,-4.1549413997265,6.16670410765671,0.999055806715126,1,"57.9","group_balance_metric: group_balance_metric57.9"
"construct_b","group_balance_metric",NA,"group_balance_metric58.9",0.818425657249866,2.62951668544608,0.311245660383032,0.75561387365951,-4.33533234297159,5.97218365747132,0.999055806715126,1,"58.9","group_balance_metric: group_balance_metric58.9"
"construct_b","group_balance_metric",NA,"group_balance_metric59",4.97610779651766,2.63905800999133,1.88556211257138,0.0593539869990016,-0.196350856177285,10.1485664492126,0.575849421337344,1,"59","group_balance_metric: group_balance_metric59"
"construct_b","group_balance_metric",NA,"group_balance_metric59.6",5.65816249834296,2.63364826370343,2.1484123663448,0.0316810112590453,0.496306753537802,10.8200182431481,0.467022831567272,1,"59.6","group_balance_metric: group_balance_metric59.6"
"construct_b","group_balance_metric",NA,"group_balance_metric59.8",1.21548501919232,2.6296923526741,0.462215672474504,0.643926665305533,-3.93861728246933,6.36958732085397,0.999055806715126,1,"59.8","group_balance_metric: group_balance_metric59.8"
"construct_b","group_balance_metric",NA,"group_balance_metric60",2.91947849530065,2.63008902461372,1.1100302947842,0.266985972187957,-2.23540126907631,8.07435825967762,0.917668744863586,1,"60","group_balance_metric: group_balance_metric60"
"construct_b","group_balance_metric",NA,"group_balance_metric60.2",0.98427184425825,2.63015864588902,0.374225275648936,0.708236720692567,-4.17074437531086,6.13928806382736,0.999055806715126,1,"60.2","group_balance_metric: group_balance_metric60.2"
"construct_b","group_balance_metric",NA,"group_balance_metric61.4",0.534660546931048,2.62933051053285,0.203344746805032,0.838865583143937,-4.61873255716566,5.68805365102775,0.999055806715126,1,"61.4","group_balance_metric: group_balance_metric61.4"
"construct_b","group_balance_metric",NA,"group_balance_metric63.2",-5.69357065877351,2.64663126409048,-2.15125194658732,0.031456318886857,-10.8808726167486,-0.506268700798458,0.467022831567272,1,"63.2","group_balance_metric: group_balance_metric63.2"
"construct_b","group_balance_metric",NA,"group_balance_metric64",5.70286789002816,2.64426018301745,2.15669695692367,0.0310292842580849,0.520213165560666,10.8855226144957,0.467022831567272,1,"64","group_balance_metric: group_balance_metric64"
"construct_b","group_balance_metric",NA,"group_balance_metric64.1",-1.81396957721749,2.28123025014574,-0.795171630352353,0.426513671928903,-6.28509870794644,2.65715955351145,0.982396568184568,1,"64.1","group_balance_metric: group_balance_metric64.1"
"construct_b","group_balance_metric",NA,"group_balance_metric64.3",-1.72386918178499,2.63120926086876,-0.655162326851879,0.51236324697213,-6.88094456887602,3.43320620530604,0.999055806715126,1,"64.3","group_balance_metric: group_balance_metric64.3"
"construct_b","group_balance_metric",NA,"group_balance_metric65.2",2.2392707535962,2.63281045809453,0.850524862779849,0.395033343501524,-2.92094292238948,7.39948442958188,0.968692498648285,1,"65.2","group_balance_metric: group_balance_metric65.2"
"construct_b","group_balance_metric",NA,"group_balance_metric65.4",-1.20203516369341,2.63184313123797,-0.456727511387805,0.647866913945606,-6.36035291387896,3.95628258649214,0.999055806715126,1,"65.4","group_balance_metric: group_balance_metric65.4"
"construct_b","group_balance_metric",NA,"group_balance_metric65.7",-4.08941686195584,2.63459731461312,-1.55219806809693,0.120614838223553,-9.25313271236349,1.07429898845181,0.768888098004439,1,"65.7","group_balance_metric: group_balance_metric65.7"
"construct_b","group_balance_metric",NA,"group_balance_metric66.9",0.651521422011751,2.62979848836847,0.247745758807533,0.804331124866293,-4.50278890178833,5.80583174581183,0.999055806715126,1,"66.9","group_balance_metric: group_balance_metric66.9"
"construct_b","group_balance_metric",NA,"group_balance_metric69.4",-0.160144926315658,2.63130931360009,-0.060861307900192,0.951469664117111,-5.31741641315663,4.99712656052532,0.999055806715126,1,"69.4","group_balance_metric: group_balance_metric69.4"
"construct_b","group_balance_metric",NA,"group_balance_metric69.7",0.86699870458133,2.62916001588792,0.329762623553564,0.741579331106394,-4.28606023615174,6.0200576453144,0.999055806715126,1,"69.7","group_balance_metric: group_balance_metric69.7"
"construct_b","group_balance_metric",NA,"group_balance_metric69.8",-0.238613466025188,2.62946043128993,-0.0907461710340826,0.927694282771592,-5.3922612101266,4.91503427807622,0.999055806715126,1,"69.8","group_balance_metric: group_balance_metric69.8"
"construct_b","implementation_agent",NA,"intrcpt",-0.809189159746613,0.511998418553877,-1.58045245927154,0.11400328599053,-1.81268762025368,0.194309300760451,0.768888098004439,1,"intrcpt","implementation_agent: intrcpt"
"construct_b","implementation_agent",NA,"implementation_agentagent_2",1.05398819798438,0.869096517916456,1.21274009992719,0.225229203306112,-0.649409676221048,2.7573860721898,0.917668744863586,1,"agent_2","implementation_agent: implementation_agentagent_2"
"construct_b","implementation_agent",NA,"implementation_agentagent_3",1.23555823679501,0.81318616064563,1.51940391584387,0.128660856916506,-0.358257350796824,2.82937382438685,0.768888098004439,1,"agent_3","implementation_agent: implementation_agentagent_3"
"construct_b","implementation_context",NA,"intrcpt",-0.40881871477738,0.63846154798505,-0.640318459377217,0.521965582234083,-1.66018035434177,0.842542924787009,0.999055806715126,1,"intrcpt","implementation_context: intrcpt"
"construct_b","implementation_context",NA,"implementation_contextcontext_2",0.756936440532947,0.858413638920056,0.881785197967294,0.377892977683126,-0.925523375588333,2.43939625665423,0.968692498648285,1,"context_2","implementation_context: implementation_contextcontext_2"
"construct_b","implementation_context",NA,"implementation_contextcontext_3",-0.165859743316835,0.882770783565175,-0.187885401742671,0.850966486661859,-1.89605868570878,1.56433919907511,0.999055806715126,1,"context_3","implementation_context: implementation_contextcontext_3"
"construct_b","intensity_band",NA,"intrcpt",0.371550683871343,0.584448155395234,0.635729072701208,0.524953023799419,-0.773946651534183,1.51704801927687,0.999055806715126,1,"intrcpt","intensity_band: intrcpt"
"construct_b","intensity_band",NA,"intensity_bandtier_2",-0.707957613172536,0.818470814691273,-0.864976002155407,0.387051960486373,-2.31213093236459,0.896215706019515,0.968692498648285,1,"tier_2","intensity_band: intensity_bandtier_2"
"construct_b","intensity_band",NA,"intensity_bandtier_3",-1.07126392244813,0.88912073126403,-1.20485765856021,0.228258256671732,-2.81390853363354,0.67138068873729,0.917668744863586,1,"tier_3","intensity_band: intensity_bandtier_3"
"construct_b","measurement_stage",NA,"intrcpt",-0.103308304045038,0.677298958695861,-0.152529843311671,0.878769054252769,-1.43078986985541,1.22417326176533,0.999055806715126,1,"intrcpt","measurement_stage: intrcpt"
"construct_b","measurement_stage",NA,"measurement_stage",-0.0335154099893577,0.245717037720249,-0.136398396709939,0.891506341073949,-0.515111954308916,0.448081134330201,0.999055806715126,1,"","measurement_stage: measurement_stage"
"construct_b","onset_band",NA,"intrcpt",0.0231781664750269,0.583425299476492,0.0397277363457235,0.968310188721357,-1.12031440816839,1.16667074111845,0.999055806715126,1,"intrcpt","onset_band: intrcpt"
"construct_b","onset_band",NA,"onset_bandlate",-0.982513342314066,0.901755935123214,-1.08955572571842,0.27590889495314,-2.7499224980008,0.78489581337267,0.917668744863586,1,"late","onset_band: onset_bandlate"
"construct_b","onset_band",NA,"onset_bandmid",0.122408210359633,0.809830040776889,0.151152963209668,0.879855053804102,-1.46482950316167,1.70964592388094,0.999055806715126,1,"mid","onset_band: onset_bandmid"
"construct_b","pub_year",NA,"intrcpt",56.0361125511695,153.302381591519,0.365526692862998,0.714718285204907,-244.431034112425,356.503259214764,0.999055806715126,1,"intrcpt","pub_year: intrcpt"
"construct_b","pub_year",NA,"pub_year",-0.027866611952846,0.0759893883637033,-0.366717150287745,0.713830012435764,-0.176803076352932,0.12106985244724,0.999055806715126,1,"","pub_year: pub_year"
"construct_b","reporting_flag",NA,"intrcpt",-0.531328721895569,0.541919685417803,-0.980456580915548,0.326860792071747,-1.59347178782774,0.530814344036601,0.968692498648285,1,"intrcpt","reporting_flag: intrcpt"
"construct_b","reporting_flag",NA,"reporting_flagyes",0.595799476371875,0.708087234329621,0.84142101069785,0.4001121190069,-0.792026000826756,1.98362495357051,0.968692498648285,1,"yes","reporting_flag: reporting_flagyes"
"construct_c","cohort_type",NA,"intrcpt",-0.76193637658683,0.643765894445377,-1.18356126530011,0.236586781159551,-2.02369434417498,0.499821591001323,0.955405291139003,1,"intrcpt","cohort_type: intrcpt"
"construct_c","cohort_type",NA,"cohort_typecohort_b",1.34287844005788,0.856141387410672,1.56852414776875,0.116758858970092,-0.335127844941187,3.02088472505695,0.955405291139003,1,"cohort_b","cohort_type: cohort_typecohort_b"
"construct_c","cohort_type",NA,"cohort_typecohort_c",0.539383026208344,0.899418885602141,0.599701690550159,0.548705061386084,-1.223445596587,2.30221164900369,0.955405291139003,1,"cohort_c","cohort_type: cohort_typecohort_c"
"construct_c","contact_count",NA,"intrcpt",0.75784496189937,0.735967078278682,1.02972671504799,0.303138311111596,-0.684624005334016,2.20031392913276,0.955405291139003,1,"intrcpt","contact_count: intrcpt"
"construct_c","contact_count",NA,"contact_count",-0.13722116511878,0.106985301559901,-1.28261698680122,0.19962629594841,-0.346908503051343,0.0724661728137823,0.955405291139003,1,"","contact_count: contact_count"
"construct_c","contact_duration_band",NA,"intrcpt",-0.110588541161282,0.654111901876992,-0.169066700734149,0.865744176808898,-1.39262431069918,1.17144722837662,0.988586089132976,1,"intrcpt","contact_duration_band: intrcpt"
"construct_c","contact_duration_band",NA,"contact_duration_bandextended",0.417252211328743,0.950433901998146,0.43901233999706,0.660652594936544,-1.44556400627349,2.28006842893098,0.955405291139003,1,"extended","contact_duration_band: contact_duration_bandextended"
"construct_c","contact_duration_band",NA,"contact_duration_bandmoderate",-0.168669114035437,0.85020272214704,-0.198386937187748,0.842742336948169,-1.83503582900155,1.49769760093068,0.988586089132976,1,"moderate","contact_duration_band: contact_duration_bandmoderate"
"construct_c","exposure_window",NA,"intrcpt",0.0933491317678549,0.710375372511913,0.131408175705429,0.895452421470566,-1.29896101385972,1.48565927739543,0.988586089132976,1,"intrcpt","exposure_window: intrcpt"
"construct_c","exposure_window",NA,"exposure_windowwindow_b",-0.398175575515515,0.906961289897903,-0.439021576720587,0.660645902165947,-2.1757870390874,1.37943588805637,0.955405291139003,1,"window_b","exposure_window: exposure_windowwindow_b"
"construct_c","exposure_window",NA,"exposure_windowwindow_c",-0.0131751566074218,0.93668551114175,-0.0140657205120662,0.988777548818103,-1.84904502328574,1.8226947100709,0.995033943039809,1,"window_c","exposure_window: exposure_windowwindow_c"
"construct_c","group_balance_metric",NA,"intrcpt",-3.61611601643757,3.40353314458175,-1.06245946868308,0.288027148830562,-10.2869184000061,3.05468636713101,0.955405291139003,1,"intrcpt","group_balance_metric: intrcpt"
"construct_c","group_balance_metric",NA,"group_balance_metric30.9",3.52164715208349,4.81268514466508,0.731742685470974,0.464325637527698,-5.911042400391,12.954336704558,0.955405291139003,1,"30.9","group_balance_metric: group_balance_metric30.9"
"construct_c","group_balance_metric",NA,"group_balance_metric32.3",3.91003054572548,4.81619366303305,0.811850772475603,0.416877264378376,-5.52953557638932,13.3495966678403,0.955405291139003,1,"32.3","group_balance_metric: group_balance_metric32.3"
"construct_c","group_balance_metric",NA,"group_balance_metric33.1",4.90614531015831,4.81253476156188,1.01945140206448,0.307988713739144,-4.52624949685004,14.3385401171667,0.955405291139003,1,"33.1","group_balance_metric: group_balance_metric33.1"
"construct_c","group_balance_metric",NA,"group_balance_metric33.2",1.17650950358817,4.81301600720914,0.244443297472094,0.806887512066295,-8.25682852755651,10.6098475347329,0.988586089132976,1,"33.2","group_balance_metric: group_balance_metric33.2"
"construct_c","group_balance_metric",NA,"group_balance_metric33.6",0.597075737313022,4.82361154518541,0.123781886605065,0.901487973900372,-8.85702916666199,10.051180641288,0.988586089132976,1,"33.6","group_balance_metric: group_balance_metric33.6"
"construct_c","group_balance_metric",NA,"group_balance_metric33.9",3.46462253119302,4.81256186719725,0.71991231007504,0.471578988170733,-5.96782540188442,12.8970704642705,0.955405291139003,1,"33.9","group_balance_metric: group_balance_metric33.9"
"construct_c","group_balance_metric",NA,"group_balance_metric34",2.02437147571693,4.81269373622353,0.420631685012526,0.674024053024608,-7.4083349159027,11.4570778673366,0.959973651277472,1,"34","group_balance_metric: group_balance_metric34"
"construct_c","group_balance_metric",NA,"group_balance_metric34.2",5.89171638026292,4.81307250196975,1.22410713278301,0.220911815638621,-3.54173237857787,15.3251651391037,0.955405291139003,1,"34.2","group_balance_metric: group_balance_metric34.2"
"construct_c","group_balance_metric",NA,"group_balance_metric34.3",6.37785970453581,4.81770992014219,1.32383638912564,0.185557387932833,-3.06467822690421,15.8203976359758,0.955405291139003,1,"34.3","group_balance_metric: group_balance_metric34.3"
"construct_c","group_balance_metric",NA,"group_balance_metric35.3",2.12806221875658,4.81280796437194,0.442166451375187,0.658368760943223,-7.30486805591995,11.5609924934331,0.955405291139003,1,"35.3","group_balance_metric: group_balance_metric35.3"
"construct_c","group_balance_metric",NA,"group_balance_metric36.2",4.9216704670479,4.81259132094637,1.02266536649949,0.306466091881554,-4.51083519431703,14.3541761284128,0.955405291139003,1,"36.2","group_balance_metric: group_balance_metric36.2"
"construct_c","group_balance_metric",NA,"group_balance_metric36.4",5.3827626365448,4.81317760488656,1.1183386690489,0.263422377548818,-4.05089212022761,14.8164173933172,0.955405291139003,1,"36.4","group_balance_metric: group_balance_metric36.4"
"construct_c","group_balance_metric",NA,"group_balance_metric37.1",8.40361147769364,4.81887661017755,1.74389430514678,0.081177521851185,-1.04121312419683,17.8484360795841,0.955405291139003,1,"37.1","group_balance_metric: group_balance_metric37.1"
"construct_c","group_balance_metric",NA,"group_balance_metric37.7",1.82136156195805,4.81476653067052,0.378286579495766,0.705217714015294,-7.61540743212504,11.2581305560411,0.974859781138789,1,"37.7","group_balance_metric: group_balance_metric37.7"
"construct_c","group_balance_metric",NA,"group_balance_metric38.8",4.47654833708155,4.81277104021051,0.930139476754693,0.352298873537192,-4.95630956756843,13.9094062417315,0.955405291139003,1,"38.8","group_balance_metric: group_balance_metric38.8"
"construct_c","group_balance_metric",NA,"group_balance_metric39",-0.451457886879546,4.815829701438,-0.0937445704827854,0.9253120640225,-9.8903106573763,8.98739488361721,0.988586089132976,1,"39","group_balance_metric: group_balance_metric39"
"construct_c","group_balance_metric",NA,"group_balance_metric39.7",4.9659252133337,4.81621881608715,1.03108380307525,0.302501522545006,-4.47369020786124,14.4055406345287,0.955405291139003,1,"39.7","group_balance_metric: group_balance_metric39.7"
"construct_c","group_balance_metric",NA,"group_balance_metric40.4",4.8607303023438,4.81741226566546,1.00899197209819,0.312978484271799,-4.581224237042,14.3026848417296,0.955405291139003,1,"40.4","group_balance_metric: group_balance_metric40.4"
"construct_c","group_balance_metric",NA,"group_balance_metric40.6",4.88689273750265,4.81250431010239,1.01545732172002,0.309887880669993,-4.54544238574182,14.3192278607471,0.955405291139003,1,"40.6","group_balance_metric: group_balance_metric40.6"
"construct_c","group_balance_metric",NA,"group_balance_metric41.3",1.22026365902931,4.81360999859163,0.253502809614061,0.799879690302891,-8.21423857383218,10.6547658918908,0.988586089132976,1,"41.3","group_balance_metric: group_balance_metric41.3"
"construct_c","group_balance_metric",NA,"group_balance_metric42.1",3.40067255200596,4.81258233884076,0.706621167717019,0.479801930859055,-6.03181550475547,12.8331606087674,0.955405291139003,1,"42.1","group_balance_metric: group_balance_metric42.1"
"construct_c","group_balance_metric",NA,"group_balance_metric42.5",3.85701056182845,4.81260382552176,0.801439449757801,0.422877284595696,-5.57551960805389,13.2895407317108,0.955405291139003,1,"42.5","group_balance_metric: group_balance_metric42.5"
"construct_c","group_balance_metric",NA,"group_balance_metric42.7",-0.346728757187591,4.81541717350391,-0.0720038876580439,0.942598813980559,-9.78477298779092,9.09131547341573,0.988586089132976,1,"42.7","group_balance_metric: group_balance_metric42.7"
"construct_c","group_balance_metric",NA,"group_balance_metric43.1",10.0545225081383,4.81758850773666,2.08704468885035,0.0368840951247763,0.612222540640376,19.4968224756362,0.955405291139003,1,"43.1","group_balance_metric: group_balance_metric43.1"
"construct_c","group_balance_metric",NA,"group_balance_metric43.3",2.72121330927707,4.81367233916824,0.565309210420265,0.571863465081109,-6.71341110886936,12.1558377274235,0.955405291139003,1,"43.3","group_balance_metric: group_balance_metric43.3"
"construct_c","group_balance_metric",NA,"group_balance_metric44.2",1.27290502235112,4.81373980233389,0.264431621695458,0.791447347827241,-8.16185162117027,10.7076616658725,0.988586089132976,1,"44.2","group_balance_metric: group_balance_metric44.2"
"construct_c","group_balance_metric",NA,"group_balance_metric44.6",0.904354771480643,4.81701578801531,0.187741707994952,0.851079133315847,-8.53682268599019,10.3455322289515,0.988586089132976,1,"44.6","group_balance_metric: group_balance_metric44.6"
"construct_c","group_balance_metric",NA,"group_balance_metric46",7.25135481437923,4.8260109693211,1.502556637454,0.132953412430566,-2.20745287448536,16.7101625032438,0.955405291139003,1,"46","group_balance_metric: group_balance_metric46"
"construct_c","group_balance_metric",NA,"group_balance_metric46.5",11.6262318196575,4.82105236457875,2.41155476863885,0.0158846659091665,2.1771428175015,21.0753208218135,0.955405291139003,1,"46.5","group_balance_metric: group_balance_metric46.5"
"construct_c","group_balance_metric",NA,"group_balance_metric46.9",0.909868365642355,4.81350329078842,0.189024149497013,0.850073889412531,-8.52442472376799,10.3441614550527,0.988586089132976,1,"46.9","group_balance_metric: group_balance_metric46.9"
"construct_c","group_balance_metric",NA,"group_balance_metric47.1",1.16242091906981,4.81399080309053,0.241467208105913,0.809193028770805,-8.27282767689469,10.5976695150343,0.988586089132976,1,"47.1","group_balance_metric: group_balance_metric47.1"
"construct_c","group_balance_metric",NA,"group_balance_metric47.2",3.42869089602837,4.81295918710287,0.712387278333072,0.47622499109131,-6.00453576975443,12.8619175618112,0.955405291139003,1,"47.2","group_balance_metric: group_balance_metric47.2"
"construct_c","group_balance_metric",NA,"group_balance_metric48.1",7.39681583725582,4.81382090068502,1.53657894422355,0.124396452026895,-2.03809975611298,16.8317314306246,0.955405291139003,1,"48.1","group_balance_metric: group_balance_metric48.1"
"construct_c","group_balance_metric",NA,"group_balance_metric48.7",4.09641234927704,4.81316551097356,0.851084871263539,0.39472220874597,-5.33721870386146,13.5300434024155,0.955405291139003,1,"48.7","group_balance_metric: group_balance_metric48.7"
"construct_c","group_balance_metric",NA,"group_balance_metric49",0.456544148815153,4.81495202014509,0.0948180058503254,0.924459384707343,-8.9805883979576,9.8936766955879,0.988586089132976,1,"49","group_balance_metric: group_balance_metric49"
"construct_c","group_balance_metric",NA,"group_balance_metric49.7",-0.777100789110181,4.82280468702223,-0.161130470657726,0.871990641686335,-10.2296242801447,8.67542270192436,0.988586089132976,1,"49.7","group_balance_metric: group_balance_metric49.7"
"construct_c","group_balance_metric",NA,"group_balance_metric49.8",1.03680184949486,4.81428232806274,0.215359586090595,0.829486976333714,-8.39901812491575,10.4726218239055,0.988586089132976,1,"49.8","group_balance_metric: group_balance_metric49.8"
"construct_c","group_balance_metric",NA,"group_balance_metric50.6",2.09995553856005,4.16839176792021,0.503780751780875,0.614415455203722,-6.06994220001681,10.2698532771369,0.955405291139003,1,"50.6","group_balance_metric: group_balance_metric50.6"
"construct_c","group_balance_metric",NA,"group_balance_metric50.8",3.81932988986121,4.81265153776994,0.793602000869356,0.427427167269748,-5.61329379430919,13.2519535740316,0.955405291139003,1,"50.8","group_balance_metric: group_balance_metric50.8"
"construct_c","group_balance_metric",NA,"group_balance_metric51.5",3.11226061640715,4.81272026934982,0.646673906278704,0.517843014450776,-6.32049777918441,12.5450190119987,0.955405291139003,1,"51.5","group_balance_metric: group_balance_metric51.5"
"construct_c","group_balance_metric",NA,"group_balance_metric51.6",4.92838308817225,4.81388360503177,1.02378526207422,0.305936713024727,-4.50665540345787,14.3634215798024,0.955405291139003,1,"51.6","group_balance_metric: group_balance_metric51.6"
"construct_c","group_balance_metric",NA,"group_balance_metric52.4",5.51929353095133,4.81379510499333,1.14655763499909,0.251564494147743,-3.91557150379081,14.9541585656935,0.955405291139003,1,"52.4","group_balance_metric: group_balance_metric52.4"
"construct_c","group_balance_metric",NA,"group_balance_metric52.6",2.60423201843945,4.81455053644452,0.540908647385937,0.58857055027679,-6.83211363473981,12.0405776716187,0.955405291139003,1,"52.6","group_balance_metric: group_balance_metric52.6"
"construct_c","group_balance_metric",NA,"group_balance_metric54",2.78998911475533,4.81500883742498,0.579435928148242,0.562295067438408,-6.6472547918397,12.2272330213504,0.955405291139003,1,"54","group_balance_metric: group_balance_metric54"
"construct_c","group_balance_metric",NA,"group_balance_metric54.1",2.93921849947748,4.81335751513488,0.610637894699397,0.541439329618699,-6.49478887490209,12.3732258738571,0.955405291139003,1,"54.1","group_balance_metric: group_balance_metric54.1"
"construct_c","group_balance_metric",NA,"group_balance_metric54.9",1.6540114229695,4.81503725217322,0.343509579748938,0.73121513519993,-7.78328817550871,11.0913110214477,0.988586089132976,1,"54.9","group_balance_metric: group_balance_metric54.9"
"construct_c","group_balance_metric",NA,"group_balance_metric55.1",2.8177698077852,4.81365743814273,0.585369824087937,0.558299074441568,-6.6168254048879,12.2523650204583,0.955405291139003,1,"55.1","group_balance_metric: group_balance_metric55.1"
"construct_c","group_balance_metric",NA,"group_balance_metric56.2",9.27490723018978,4.81526199036166,1.92614799542676,0.0540858971632956,-0.162832847043727,18.7126473074233,0.955405291139003,1,"56.2","group_balance_metric: group_balance_metric56.2"
"construct_c","group_balance_metric",NA,"group_balance_metric58.1",3.12293924380015,4.8125228695441,0.648919356532013,0.516390502631433,-6.30943225528163,12.5553107428819,0.955405291139003,1,"58.1","group_balance_metric: group_balance_metric58.1"
"construct_c","group_balance_metric",NA,"group_balance_metric58.8",5.46554710954558,4.8180901323624,1.13438042033176,0.256635008480528,-3.97773602415255,14.9088302432437,0.955405291139003,1,"58.8","group_balance_metric: group_balance_metric58.8"
"construct_c","group_balance_metric",NA,"group_balance_metric58.9",-0.151491846850346,4.81912644362095,-0.0314355409891507,0.974922197538079,-9.596806113292,9.2938224195913,0.995033943039809,1,"58.9","group_balance_metric: group_balance_metric58.9"
"construct_c","group_balance_metric",NA,"group_balance_metric61",-3.70297562755806,4.81799908101101,-0.768571260661393,0.442147871942935,-13.1460803038867,5.74012904877059,0.955405291139003,1,"61","group_balance_metric: group_balance_metric61"
"construct_c","group_balance_metric",NA,"group_balance_metric61.5",2.22658094131837,4.81304551163916,0.462613730938951,0.643641264692197,-7.20681491744655,11.6599768000833,0.955405291139003,1,"61.5","group_balance_metric: group_balance_metric61.5"
"construct_c","group_balance_metric",NA,"group_balance_metric61.6",1.85479036619364,4.81262781529928,0.385400749315642,0.699940527501507,-7.57778682278862,11.2873675551759,0.974859781138789,1,"61.6","group_balance_metric: group_balance_metric61.6"
"construct_c","group_balance_metric",NA,"group_balance_metric62.9",3.66079546345449,4.81290839004323,0.760620225190201,0.446883935873014,-5.77233164192089,13.0939225688299,0.955405291139003,1,"62.9","group_balance_metric: group_balance_metric62.9"
"construct_c","group_balance_metric",NA,"group_balance_metric63.1",7.53516904755344,4.81413242315138,1.5652184828395,0.117531689178307,-1.90035711862981,16.9706952137367,0.955405291139003,1,"63.1","group_balance_metric: group_balance_metric63.1"
"construct_c","group_balance_metric",NA,"group_balance_metric63.8",3.25485851415943,4.81275866791854,0.676297886253066,0.498851534526639,-6.17797514124387,12.6876921695627,0.955405291139003,1,"63.8","group_balance_metric: group_balance_metric63.8"
"construct_c","group_balance_metric",NA,"group_balance_metric66.3",-0.0781956085165725,4.81348029428885,-0.0162451290409043,0.987038832436984,-9.51244362561599,9.35605240858284,0.995033943039809,1,"66.3","group_balance_metric: group_balance_metric66.3"
"construct_c","group_balance_metric",NA,"group_balance_metric66.7",7.55959095982431,4.81421757293309,1.57026367115739,0.116353782181584,-1.87610209686437,16.995284016513,0.955405291139003,1,"66.7","group_balance_metric: group_balance_metric66.7"
"construct_c","group_balance_metric",NA,"group_balance_metric68.1",9.10245480039934,4.8155796416643,1.89020958591258,0.0587299351548568,-0.335907861946998,18.5408174627457,0.955405291139003,1,"68.1","group_balance_metric: group_balance_metric68.1"
"construct_c","group_balance_metric",NA,"group_balance_metric68.2",6.93815038785784,4.81537026348628,1.44083424705013,0.149631515692199,-2.49980190080042,16.3761026765161,0.955405291139003,1,"68.2","group_balance_metric: group_balance_metric68.2"
"construct_c","group_balance_metric",NA,"group_balance_metric68.7",2.51458771979107,4.81391095306784,0.522358586252734,0.601420684997483,-6.92050437300478,11.9496798125869,0.955405291139003,1,"68.7","group_balance_metric: group_balance_metric68.7"
"construct_c","group_balance_metric",NA,"group_balance_metric69.1",3.8730114820494,4.17097426544665,0.928562785470617,0.353115715530132,-4.30194785866944,12.0479708227682,0.955405291139003,1,"69.1","group_balance_metric: group_balance_metric69.1"
"construct_c","group_balance_metric",NA,"group_balance_metric69.2",3.91580343503569,4.81247580339561,0.813677532107852,0.415829708704067,-5.51647581609017,13.3480826861615,0.955405291139003,1,"69.2","group_balance_metric: group_balance_metric69.2"
"construct_c","implementation_agent",NA,"intrcpt",0.600721130831174,0.671528109232717,0.894558429605505,0.371023182247015,-0.715449777871232,1.91689203953358,0.955405291139003,1,"intrcpt","implementation_agent: intrcpt"
"construct_c","implementation_agent",NA,"implementation_agentagent_2",-0.379928594522332,0.855071325397534,-0.444323863094927,0.65680845084549,-2.05583759651443,1.29598040746976,0.955405291139003,1,"agent_2","implementation_agent: implementation_agentagent_2"
"construct_c","implementation_agent",NA,"implementation_agentagent_3",-1.70114886898493,0.925679753240038,-1.83772936918045,0.0661022939253668,-3.51544784655333,0.113150108583469,0.955405291139003,1,"agent_3","implementation_agent: implementation_agentagent_3"
"construct_c","implementation_context",NA,"intrcpt",-0.297189194334739,0.628905535612479,-0.472549814727441,0.636534393895329,-1.52982139381307,0.935443005143591,0.955405291139003,1,"intrcpt","implementation_context: intrcpt"
"construct_c","implementation_context",NA,"implementation_contextcontext_2",-0.19799273019952,0.838780160968342,-0.236048418182596,0.813395099254411,-1.84197163664418,1.44598617624514,0.988586089132976,1,"context_2","implementation_context: implementation_contextcontext_2"
"construct_c","implementation_context",NA,"implementation_contextcontext_3",1.07562109297881,0.912361556120922,1.1789417098546,0.238421387512597,-0.71257469789712,2.86381688385473,0.955405291139003,1,"context_3","implementation_context: implementation_contextcontext_3"
"construct_c","intensity_band",NA,"intrcpt",0.277111550423973,0.551936310171161,0.502071607388972,0.615617151423321,-0.804663739271431,1.35888684011938,0.955405291139003,1,"intrcpt","intensity_band: intrcpt"
"construct_c","intensity_band",NA,"intensity_bandtier_2",-1.365122535131,0.872497512037487,-1.56461481700173,0.11767325254031,-3.07518623532528,0.344941165063278,0.955405291139003,1,"tier_2","intensity_band: intensity_bandtier_2"
"construct_c","intensity_band",NA,"intensity_bandtier_3",0.0552417298927068,0.823529072075962,0.0670792711099473,0.946518595978382,-1.55884559159787,1.66932905138328,0.988586089132976,1,"tier_3","intensity_band: intensity_bandtier_3"
"construct_c","measurement_stage",NA,"intrcpt",0.4263586297825,0.687102678630079,0.6205166171562,0.53491771725525,-0.920337874013453,1.77305513357845,0.955405291139003,1,"intrcpt","measurement_stage: intrcpt"
"construct_c","measurement_stage",NA,"measurement_stage",-0.197401828508733,0.233494354535139,-0.84542441679902,0.397873916611494,-0.655042353991031,0.260238696973565,0.955405291139003,1,"","measurement_stage: measurement_stage"
"construct_c","onset_band",NA,"intrcpt",0.00408655599731308,0.656572993682045,0.00622406958043732,0.995033943039809,-1.28277286484114,1.29094597683577,0.995033943039809,1,"intrcpt","onset_band: intrcpt"
"construct_c","onset_band",NA,"onset_bandlate",-0.0859013520671286,0.917049412972317,-0.0936714541790146,0.92537014681369,-1.88328517353647,1.71148246940221,0.988586089132976,1,"late","onset_band: onset_bandlate"
"construct_c","onset_band",NA,"onset_bandmid",-0.125417142539044,0.873148169954379,-0.143637869097975,0.885786435502247,-1.83675610881668,1.5859218237386,0.988586089132976,1,"mid","onset_band: onset_bandmid"
"construct_c","pub_year",NA,"intrcpt",153.207861138226,168.976957762174,0.906679012139977,0.364576565264805,-177.98089029278,484.396612569233,0.955405291139003,1,"intrcpt","pub_year: intrcpt"
"construct_c","pub_year",NA,"pub_year",-0.0759960964665639,0.083778764889219,-0.90710452185651,0.364351527081629,-0.240199458318682,0.0882072653855541,0.955405291139003,1,"","pub_year: pub_year"
"construct_c","reporting_flag",NA,"intrcpt",-0.0454108130239169,0.485382935742263,-0.0935566738753871,0.925461327832496,-0.996743885789072,0.905922259741238,0.988586089132976,1,"intrcpt","reporting_flag: intrcpt"
"construct_c","reporting_flag",NA,"reporting_flagyes",-0.0565040611759118,0.713643190274194,-0.0791769079365865,0.936891911716113,-1.4552190119256,1.34221088957377,0.988586089132976,1,"yes","reporting_flag: reporting_flagyes"
